-- phpMyAdmin SQL Dump
-- version 5.2.1
-- https://www.phpmyadmin.net/
--
-- Host: 127.0.0.1
-- Generation Time: May 22, 2024 at 10:32 AM
-- Server version: 10.4.32-MariaDB
-- PHP Version: 8.2.12

SET SQL_MODE = "NO_AUTO_VALUE_ON_ZERO";
START TRANSACTION;
SET time_zone = "+00:00";


/*!40101 SET @OLD_CHARACTER_SET_CLIENT=@@CHARACTER_SET_CLIENT */;
/*!40101 SET @OLD_CHARACTER_SET_RESULTS=@@CHARACTER_SET_RESULTS */;
/*!40101 SET @OLD_COLLATION_CONNECTION=@@COLLATION_CONNECTION */;
/*!40101 SET NAMES utf8mb4 */;

--
-- Database: `react_node_demo`
--

-- --------------------------------------------------------

--
-- Table structure for table `stock_history`
--

CREATE TABLE `stock_history` (
  `id` int(9) NOT NULL,
  `stock_id` int(9) NOT NULL,
  `user_id` int(9) NOT NULL,
  `qty` bigint(20) NOT NULL,
  `price_before` decimal(12,2) NOT NULL,
  `price_after` decimal(12,2) NOT NULL,
  `datetime` datetime NOT NULL DEFAULT current_timestamp(),
  `date` date NOT NULL DEFAULT current_timestamp()
) ENGINE=InnoDB DEFAULT CHARSET=utf8mb4 COLLATE=utf8mb4_general_ci;

--
-- Dumping data for table `stock_history`
--

INSERT INTO `stock_history` (`id`, `stock_id`, `user_id`, `qty`, `price_before`, `price_after`, `datetime`, `date`) VALUES
(2, 3, 1, 20, 192.00, 230.40, '2024-05-01 00:00:00', '2024-05-01'),
(3, 3, 1, 20, 192.00, 230.40, '2024-05-01 11:18:15', '2024-05-01'),
(4, 1, 1, 20, 200.00, 240.00, '2024-05-01 11:18:51', '2024-05-01'),
(5, 1, 1, -10, 200.00, 191.67, '2024-05-01 11:20:54', '2024-05-01'),
(6, 5, 1, 200, 260.00, 280.80, '2024-05-01 11:50:04', '2024-05-01'),
(7, 1, 1, 10, 200.00, 210.43, '2024-05-01 13:58:55', '2024-05-01'),
(8, 3, 1, 20, 230.40, 276.48, '2024-05-01 13:59:10', '2024-05-01'),
(9, 4, 1, 20, 1000.00, 1080.00, '2024-05-01 13:59:25', '2024-05-01'),
(10, 5, 1, 200, 280.80, 303.26, '2024-05-01 13:59:36', '2024-05-01'),
(11, 4, 2, 60, 1080.00, 1339.20, '2024-05-01 16:13:51', '2024-05-01'),
(12, 6, 1, 100, 300.00, 306.00, '2024-05-01 16:26:20', '2024-05-01'),
(13, 6, 1, 500, 306.00, 336.60, '2024-05-01 16:31:26', '2024-05-01'),
(14, 6, 1, 10, 336.60, 337.27, '2024-05-01 16:32:57', '2024-05-01'),
(15, 6, 1, -60, 337.27, 333.22, '2024-05-01 16:34:25', '2024-05-01'),
(16, 6, 1, 50, 333.22, 336.55, '2024-05-01 16:37:25', '2024-05-01'),
(17, 5, 1, -50, 303.26, 297.19, '2024-05-01 16:39:05', '2024-05-01'),
(18, 6, 1, -10, 336.55, 335.88, '2024-05-01 16:40:11', '2024-05-01'),
(19, 4, 1, 10, 1339.20, 1392.77, '2024-05-01 16:42:07', '2024-05-01'),
(20, 4, 2, 20, 1392.77, 1504.19, '2024-05-02 09:47:06', '2024-05-02'),
(21, 5, 1, -10, 297.19, 296.00, '2024-05-02 09:48:26', '2024-05-02'),
(22, 7, 1, 10, 400.00, 400.80, '2024-05-02 10:01:49', '2024-05-02'),
(23, 8, 1, 20, 120.00, 120.34, '2024-05-02 10:02:11', '2024-05-02'),
(24, 1, 1, 40, 210.43, 252.52, '2024-05-02 10:15:52', '2024-05-02'),
(25, 1, 1, -20, 252.52, 227.27, '2024-05-02 10:16:20', '2024-05-02'),
(26, 3, 1, 10, 276.48, 304.13, '2024-05-02 10:24:23', '2024-05-02'),
(27, 1, 1, 10, 227.27, 238.63, '2024-05-14 21:52:55', '2024-05-14'),
(28, 7, 1, 10, 400.80, 401.60, '2024-05-14 22:02:26', '2024-05-14'),
(29, 7, 1, 20, 401.60, 403.21, '2024-05-14 22:05:18', '2024-05-14'),
(30, 3, 1, 5, 304.13, 319.34, '2024-05-14 22:07:04', '2024-05-14'),
(31, 7, 1, 10, 403.21, 404.02, '2024-05-14 22:11:42', '2024-05-14'),
(32, 6, 1, 10, 335.88, 336.55, '2024-05-14 22:13:48', '2024-05-14'),
(33, 1, 1, -10, 238.63, 226.70, '2024-05-14 22:15:28', '2024-05-14'),
(34, 9, 1, 20, 500.00, 502.86, '2024-05-14 22:27:30', '2024-05-14'),
(36, 1, 1, 11, 226.70, 239.17, '2024-05-14 23:21:08', '2024-05-14'),
(37, 11, 1, 2000, 1500.00, 1650.00, '2024-05-15 19:21:20', '2024-05-15'),
(38, 11, 1, 4000, 1650.00, 1980.00, '2024-05-15 19:21:34', '2024-05-15'),
(39, 12, 1, 10, 65.00, 65.33, '2024-05-16 13:01:32', '2024-05-16'),
(40, 11, 1, -20, 1980.00, 1978.02, '2024-05-16 13:06:09', '2024-05-16'),
(42, 1, 1, -1, 239.17, 237.97, '2024-05-16 13:39:04', '2024-05-16'),
(43, 13, 1, 50, 400.00, 403.33, '2024-05-16 15:41:21', '2024-05-16'),
(44, 14, 1, 30, 320.00, 323.20, '2024-05-16 15:43:40', '2024-05-16'),
(45, 11, 1, -100, 1978.02, 1968.13, '2024-05-16 15:45:20', '2024-05-16'),
(47, 1, 1, 10, 237.97, 249.87, '2024-05-16 18:44:43', '2024-05-16'),
(48, 10, 1, 50, 30.00, 30.75, '2024-05-16 19:33:43', '2024-05-16'),
(49, 10, 1, -10, 30.75, 30.60, '2024-05-16 22:21:25', '2024-05-16'),
(50, 3, 1, 0, 319.34, 319.34, '2024-05-16 22:26:27', '2024-05-16'),
(51, 4, 2, 10, 1504.19, 1564.36, '2024-05-16 22:27:00', '2024-05-16'),
(52, 5, 2, 19, 296.00, 298.25, '2024-05-16 22:27:34', '2024-05-16'),
(53, 6, 2, 20, 336.55, 337.90, '2024-05-16 22:27:46', '2024-05-16'),
(54, 7, 2, 43, 404.02, 407.49, '2024-05-16 22:28:03', '2024-05-16'),
(55, 8, 2, 70, 120.34, 121.54, '2024-05-16 22:28:21', '2024-05-16'),
(56, 9, 2, 23, 502.86, 506.16, '2024-05-16 22:28:33', '2024-05-16'),
(57, 11, 2, 10, 1968.13, 1969.11, '2024-05-16 22:28:47', '2024-05-16'),
(59, 13, 2, 50, 403.33, 406.69, '2024-05-16 22:30:31', '2024-05-16'),
(60, 14, 1, 11, 323.20, 324.39, '2024-05-16 22:30:59', '2024-05-16'),
(61, 12, 2, 70, 65.33, 67.62, '2024-05-16 22:46:55', '2024-05-16'),
(62, 1, 2, 10, 249.87, 262.36, '2024-05-22 00:18:17', '2024-05-22'),
(63, 15, 1, 60, 55.00, 55.55, '2024-05-22 00:47:39', '2024-05-22'),
(64, 15, 2, 100, 55.55, 56.48, '2024-05-22 00:52:20', '2024-05-22'),
(66, 15, 2, -20, 56.48, 56.29, '2024-05-22 12:19:46', '2024-05-22'),
(67, 15, 2, -10, 56.29, 56.20, '2024-05-22 12:33:16', '2024-05-22'),
(68, 15, 1, -10, 56.20, 56.11, '2024-05-22 12:46:24', '2024-05-22'),
(69, 15, 2, -50, 56.11, 55.64, '2024-05-22 12:47:06', '2024-05-22'),
(71, 15, 1, 100, 55.64, 56.57, '2024-05-22 13:36:13', '2024-05-22'),
(72, 8, 2, 500, 121.54, 130.22, '2024-05-22 13:57:32', '2024-05-22');

-- --------------------------------------------------------

--
-- Table structure for table `stock_list`
--

CREATE TABLE `stock_list` (
  `id` int(11) NOT NULL,
  `stock_name` varchar(255) NOT NULL,
  `stock_qty` bigint(19) UNSIGNED NOT NULL,
  `stock_price` decimal(12,2) NOT NULL,
  `valuation` decimal(12,2) NOT NULL DEFAULT 0.00,
  `available_qty` int(8) NOT NULL
) ENGINE=InnoDB DEFAULT CHARSET=utf8mb4 COLLATE=utf8mb4_general_ci;

--
-- Dumping data for table `stock_list`
--

INSERT INTO `stock_list` (`id`, `stock_name`, `stock_qty`, `stock_price`, `valuation`, `available_qty`) VALUES
(1, 'A', 200, 262.36, 52472.70, 130),
(3, 'B', 100, 319.34, 31934.00, 25),
(4, 'C', 250, 1564.36, 391089.40, 130),
(5, 'D', 2500, 298.25, 745624.00, 2141),
(6, 'TEST', 5000, 337.90, 1689481.00, 4380),
(7, 'X', 5000, 407.49, 2037472.86, 4907),
(8, 'Q', 7000, 130.22, 911550.00, 6410),
(9, 'E', 3500, 506.16, 1771575.78, 3457),
(10, 'JK', 2000, 30.60, 61192.50, 60),
(11, 'HDFC', 20000, 1969.11, 39382281.30, 14110),
(12, 'Yes Bank', 2000, 67.62, 135233.10, 1920),
(13, 'Tata', 6000, 406.69, 2440146.50, 5900),
(14, 'Reliance', 3000, 324.39, 973155.20, 2959),
(15, ' EV', 6000, 56.57, 339404.00, 5830);

-- --------------------------------------------------------

--
-- Table structure for table `user`
--

CREATE TABLE `user` (
  `id` int(9) NOT NULL,
  `name` varchar(255) NOT NULL,
  `user_name` varchar(255) NOT NULL,
  `password` varchar(30) NOT NULL
) ENGINE=InnoDB DEFAULT CHARSET=utf8mb4 COLLATE=utf8mb4_general_ci;

--
-- Dumping data for table `user`
--

INSERT INTO `user` (`id`, `name`, `user_name`, `password`) VALUES
(1, 'User 1', 'User1', 'User1'),
(2, 'User 2', 'User 2', 'User2');

--
-- Indexes for dumped tables
--

--
-- Indexes for table `stock_history`
--
ALTER TABLE `stock_history`
  ADD PRIMARY KEY (`id`);

--
-- Indexes for table `stock_list`
--
ALTER TABLE `stock_list`
  ADD PRIMARY KEY (`id`);

--
-- Indexes for table `user`
--
ALTER TABLE `user`
  ADD PRIMARY KEY (`id`);

--
-- AUTO_INCREMENT for dumped tables
--

--
-- AUTO_INCREMENT for table `stock_history`
--
ALTER TABLE `stock_history`
  MODIFY `id` int(9) NOT NULL AUTO_INCREMENT, AUTO_INCREMENT=73;

--
-- AUTO_INCREMENT for table `stock_list`
--
ALTER TABLE `stock_list`
  MODIFY `id` int(11) NOT NULL AUTO_INCREMENT, AUTO_INCREMENT=26;

--
-- AUTO_INCREMENT for table `user`
--
ALTER TABLE `user`
  MODIFY `id` int(9) NOT NULL AUTO_INCREMENT, AUTO_INCREMENT=3;
COMMIT;

/*!40101 SET CHARACTER_SET_CLIENT=@OLD_CHARACTER_SET_CLIENT */;
/*!40101 SET CHARACTER_SET_RESULTS=@OLD_CHARACTER_SET_RESULTS */;
/*!40101 SET COLLATION_CONNECTION=@OLD_COLLATION_CONNECTION */;
